f0,f1,f2,f3,f4,f5,f6,f7,f8,f9,f10,f11,f12,f13,f14,f15,f16,f17,f18,f19,f20,f21,f22,f23,f24,f25,f26,truth
0.0,0.0,0.0,0.0,0.0,0.0,0.0,0.0,0.0,0.0,0.0,0.0,0.0,0.0,0.0,0.0,0.0,0.0,0.0,0.0,0.0,0.0,0.0,0.0,0.0,0.0,0.0,1.0
0.01281923076923086,0.10736705263157909,0.16891745495495503,0.23671340579710154,0.32500000000000007,0.3846153846153847,0.42105263157894746,0.45945945945945954,0.204449060222478,0.2788144074675326,0.3260209462365593,0.3767117351598175,0.13145428603821663,2.6244389301899007,0.01281923076923086,0.10736705263157909,0.16891745495495503,0.23671340579710154,0.32500000000000007,0.3846153846153847,0.42105263157894746,0.45945945945945954,0.204449060222478,0.2788144074675326,0.3260209462365593,0.3767117351598175,0.13145428603821663,1.0
0.01281923076923086,0.10736705263157909,0.16891745495495503,0.23671340579710154,0.32500000000000007,0.3846153846153847,0.42105263157894746,0.45945945945945954,0.204449060222478,0.2788144074675326,0.3260209462365593,0.3767117351598175,0.13145428603821663,2.6244389301899007,0.01281923076923086,0.10736705263157909,0.16891745495495503,0.23671340579710154,0.32500000000000007,0.3846153846153847,0.42105263157894746,0.45945945945945954,0.204449060222478,0.2788144074675326,0.3260209462365593,0.3767117351598175,0.13145428603821663,1.0
0.07142899999999985,0.14351898148148146,0.10033494983277591,0.09818236363636368,-0.038461538461538436,0.040000000000000036,0.0,0.0,0.017429411764705804,0.09262189952904254,0.05106408510638294,0.05000027777777771,0.10336632373765531,-0.5999999999999996,0.07142899999999985,0.14351898148148146,0.10033494983277591,0.09818236363636368,-0.038461538461538436,0.040000000000000036,0.0,0.0,0.017429411764705804,0.09262189952904254,0.05106408510638294,0.05000027777777771,0.10336632373765531,-1.0
0.07142899999999985,0.14351898148148146,0.10033494983277591,0.09818236363636368,-0.038461538461538436,0.040000000000000036,0.0,0.0,0.017429411764705804,0.09262189952904254,0.05106408510638294,0.05000027777777771,0.10336632373765531,-0.5999999999999996,0.07142899999999985,0.14351898148148146,0.10033494983277591,0.09818236363636368,-0.038461538461538436,0.040000000000000036,0.0,0.0,0.017429411764705804,0.09262189952904254,0.05106408510638294,0.05000027777777771,0.10336632373765531,-1.0
0.0,0.0,0.0,0.0,0.0,0.0,0.0,0.0,0.0,0.0,0.0,0.0,0.0,0.0,0.0,0.0,0.0,0.0,0.0,0.0,0.0,0.0,0.0,0.0,0.0,0.0,0.0,1.0
-0.0006746963562752617,-0.027738193456614546,-0.029279204204204157,-0.030952301587301667,-0.02564102564102555,-0.05263157894736836,-0.05405405405405406,-0.05555555555555569,-0.013319980019979916,-0.040350842105263074,-0.04183631988152536,-0.043427190923317815,-0.022161098901098963,-0.14395905121980057,-0.0006746963562752617,-0.027738193456614546,-0.029279204204204157,-0.030952301587301667,-0.02564102564102555,-0.05263157894736836,-0.05405405405405406,-0.05555555555555569,-0.013319980019979916,-0.040350842105263074,-0.04183631988152536,-0.043427190923317815,-0.022161098901098963,-1.0
0.0,0.0,0.0,0.0,0.0,0.0,0.0,0.0,0.0,0.0,0.0,0.0,0.0,0.0,0.0,0.0,0.0,0.0,0.0,0.0,0.0,0.0,0.0,0.0,0.0,0.0,0.0,-1.0
-0.006707275541795621,0.005946648648648578,0.018708219954648553,0.03154839285714284,-0.2549019607843137,-0.2400000000000001,-0.22448979591836737,-0.20833333333333337,-0.1489311962987443,-0.13540200000000002,-0.1214882833133254,-0.10717838855421691,0.012373996479660976,-2.6212006230805995,-0.006707275541795621,0.005946648648648578,0.018708219954648553,0.03154839285714284,-0.2549019607843137,-0.2400000000000001,-0.22448979591836737,-0.20833333333333337,-0.1489311962987443,-0.13540200000000002,-0.1214882833133254,-0.10717838855421691,0.012373996479660976,1.0
-0.006707275541795621,0.005946648648648578,0.018708219954648553,0.03154839285714284,-0.2549019607843137,-0.2400000000000001,-0.22448979591836737,-0.20833333333333337,-0.1489311962987443,-0.13540200000000002,-0.1214882833133254,-0.10717838855421691,0.012373996479660976,-2.6212006230805995,-0.006707275541795621,0.005946648648648578,0.018708219954648553,0.03154839285714284,-0.2549019607843137,-0.2400000000000001,-0.22448979591836737,-0.20833333333333337,-0.1489311962987443,-0.13540200000000002,-0.1214882833133254,-0.10717838855421691,0.012373996479660976,1.0
0.0,0.0,0.0,0.0,0.0,0.0,0.0,0.0,0.0,0.0,0.0,0.0,0.0,0.0,0.0,0.0,0.0,0.0,0.0,0.0,0.0,0.0,0.0,0.0,0.0,0.0,0.0,-1.0
0.0,0.0,0.0,0.0,0.0,0.0,0.0,0.0,0.0,0.0,0.0,0.0,0.0,0.0,0.0,0.0,0.0,0.0,0.0,0.0,0.0,0.0,0.0,0.0,0.0,0.0,0.0,0.0
0.0,0.0,0.0,0.0,0.0,0.0,0.0,0.0,0.0,0.0,0.0,0.0,0.0,0.0,0.0,0.0,0.0,0.0,0.0,0.0,0.0,0.0,0.0,0.0,0.0,0.0,0.0,1.0
0.0,0.0,0.0,0.0,0.0,0.0,0.0,0.0,0.0,0.0,0.0,0.0,0.0,0.0,0.0,0.0,0.0,0.0,0.0,0.0,0.0,0.0,0.0,0.0,0.0,0.0,0.0,-1.0
-0.02702632432432428,-0.02777704081632648,-0.03630874999999989,-0.045681289111389356,-0.27450980392156865,-0.28,-0.2857142857142857,-0.29166666666666674,-0.17191689918991881,-0.1759451961475218,-0.18335756013745708,-0.19127052631578956,-0.034198351063009946,-2.621523887866002,-0.02702632432432428,-0.02777704081632648,-0.03630874999999989,-0.045681289111389356,-0.27450980392156865,-0.28,-0.2857142857142857,-0.29166666666666674,-0.17191689918991881,-0.1759451961475218,-0.18335756013745708,-0.19127052631578956,-0.034198351063009946,1.0
-0.02702632432432428,-0.02777704081632648,-0.03630874999999989,-0.045681289111389356,-0.27450980392156865,-0.28,-0.2857142857142857,-0.29166666666666674,-0.17191689918991881,-0.1759451961475218,-0.18335756013745708,-0.19127052631578956,-0.034198351063009946,-2.621523887866002,-0.02702632432432428,-0.02777704081632648,-0.03630874999999989,-0.045681289111389356,-0.27450980392156865,-0.28,-0.2857142857142857,-0.29166666666666674,-0.17191689918991881,-0.1759451961475218,-0.18335756013745708,-0.19127052631578956,-0.034198351063009946,1.0
0.0,0.0,0.0,0.0,0.0,0.0,0.0,0.0,0.0,0.0,0.0,0.0,0.0,0.0,0.0,0.0,0.0,0.0,0.0,0.0,0.0,0.0,0.0,0.0,0.0,0.0,0.0,-1.0
0.0,0.0,0.0,0.0,0.0,0.0,0.0,0.0,0.0,0.0,0.0,0.0,0.0,3.212593995272073e-07,0.0,0.0,0.0,0.0,0.0,0.0,0.0,0.0,0.0,0.0,0.0,0.0,0.0,1.0
0.0,0.0,0.0,0.0,0.0,0.0,0.0,0.0,0.0,0.0,0.0,0.0,0.0,3.212593995272073e-07,0.0,0.0,0.0,0.0,0.0,0.0,0.0,0.0,0.0,0.0,0.0,0.0,0.0,1.0
0.0,0.0,0.0,0.0,0.0,0.0,0.0,0.0,0.0,0.0,0.0,0.0,0.0,0.0,0.0,0.0,0.0,0.0,0.0,0.0,0.0,0.0,0.0,0.0,0.0,0.0,0.0,1.0
0.0,0.0,0.0,0.0,0.0,0.0,0.0,0.0,0.0,0.0,0.0,0.0,0.0,0.0,0.0,0.0,0.0,0.0,0.0,0.0,0.0,0.0,0.0,0.0,0.0,0.0,0.0,1.0
0.0,0.0,0.0,0.0,0.0,0.0,0.0,0.0,0.0,0.0,0.0,0.0,0.0,0.0,0.0,0.0,0.0,0.0,0.0,0.0,0.0,0.0,0.0,0.0,0.0,0.0,0.0,1.0
-0.007026324324324262,-0.014738492063491981,-0.02321351190476184,-0.03253986232790995,-0.2549019607843138,-0.26,-0.26530612244897966,-0.2708333333333335,-0.152114918991899,-0.15879696969696955,-0.16592997054491898,-0.17355550706033385,-0.019379547655122065,-2.6210812004564,-0.007026324324324262,-0.014738492063491981,-0.02321351190476184,-0.03253986232790995,-0.2549019607843138,-0.26,-0.26530612244897966,-0.2708333333333335,-0.152114918991899,-0.15879696969696955,-0.16592997054491898,-0.17355550706033385,-0.019379547655122065,-1.0
-0.007026324324324262,-0.014738492063491981,-0.02321351190476184,-0.03253986232790995,-0.2549019607843138,-0.26,-0.26530612244897966,-0.2708333333333335,-0.152114918991899,-0.15879696969696955,-0.16592997054491898,-0.17355550706033385,-0.019379547655122065,-2.6210812004564,-0.007026324324324262,-0.014738492063491981,-0.02321351190476184,-0.03253986232790995,-0.2549019607843138,-0.26,-0.26530612244897966,-0.2708333333333335,-0.152114918991899,-0.15879696969696955,-0.16592997054491898,-0.17355550706033385,-0.019379547655122065,-1.0
0.0,0.0,0.0,0.0,0.0,0.0,0.0,0.0,0.0,0.0,0.0,0.0,0.0,0.0,0.0,0.0,0.0,0.0,0.0,0.0,0.0,0.0,0.0,0.0,0.0,0.0,0.0,1.0
0.05847846003898649,0.09563295218295231,0.1533321111111111,0.1333320238095238,0.33333333333333337,0.34285714285714297,0.38235294117647056,0.36363636363636365,0.21106773916773935,0.23315068306010944,0.2808711380145278,0.26212533539731675,0.11019388678564346,2.1646720716614993,0.05847846003898649,0.09563295218295231,0.1533321111111111,0.1333320238095238,0.33333333333333337,0.34285714285714297,0.38235294117647056,0.36363636363636365,0.21106773916773935,0.23315068306010944,0.2808711380145278,0.26212533539731675,0.11019388678564346,1.0
0.05847846003898649,0.09563295218295231,0.1533321111111111,0.1333320238095238,0.33333333333333337,0.34285714285714297,0.38235294117647056,0.36363636363636365,0.21106773916773935,0.23315068306010944,0.2808711380145278,0.26212533539731675,0.11019388678564346,2.1646720716614993,0.05847846003898649,0.09563295218295231,0.1533321111111111,0.1333320238095238,0.33333333333333337,0.34285714285714297,0.38235294117647056,0.36363636363636365,0.21106773916773935,0.23315068306010944,0.2808711380145278,0.26212533539731675,0.11019388678564346,1.0
-0.39560769230769227,-0.36923446153846157,-0.3333375,-0.28458972332015814,0.0,0.0,0.0,0.0,-0.25714499999999985,-0.24291740890688263,-0.222225,-0.19251657754010693,-0.345692344291578,2.3999999999999995,-0.39560769230769227,-0.36923446153846157,-0.3333375,-0.28458972332015814,0.0,0.0,0.0,0.0,-0.25714499999999985,-0.24291740890688263,-0.222225,-0.19251657754010693,-0.345692344291578,1.0
0.0,0.0,0.0,0.0,0.0,0.0,0.0,0.0,0.0,0.0,0.0,0.0,0.0,0.0,0.0,0.0,0.0,0.0,0.0,0.0,0.0,0.0,0.0,0.0,0.0,0.0,0.0,1.0
-0.07264971509971507,-0.11230784615384626,-0.11500016666666668,-0.07608713768115938,-0.025000000000000022,-0.05128205128205121,-0.052631578947368474,-0.02702702702702703,-0.04115789235639988,-0.07259620192307681,-0.07424480286738355,-0.043169453551912595,-0.09401121640034682,0.12942461554872065,-0.07264971509971507,-0.11230784615384626,-0.11500016666666668,-0.07608713768115938,-0.025000000000000022,-0.05128205128205121,-0.052631578947368474,-0.02702702702702703,-0.04115789235639988,-0.07259620192307681,-0.07424480286738355,-0.043169453551912595,-0.09401121640034682,-1.0
-0.07264971509971507,-0.11230784615384626,-0.11500016666666668,-0.07608713768115938,-0.025000000000000022,-0.05128205128205121,-0.052631578947368474,-0.02702702702702703,-0.04115789235639988,-0.07259620192307681,-0.07424480286738355,-0.043169453551912595,-0.09401121640034682,0.12942461554872065,-0.07264971509971507,-0.11230784615384626,-0.11500016666666668,-0.07608713768115938,-0.025000000000000022,-0.05128205128205121,-0.052631578947368474,-0.02702702702702703,-0.04115789235639988,-0.07259620192307681,-0.07424480286738355,-0.043169453551912595,-0.09401121640034682,-1.0
-0.07264971509971507,-0.11230784615384626,-0.11500016666666668,-0.07608713768115938,-0.025000000000000022,-0.05128205128205121,-0.052631578947368474,-0.02702702702702703,-0.04115789235639988,-0.07259620192307681,-0.07424480286738355,-0.043169453551912595,-0.09401121640034682,0.12942461554872065,-0.07264971509971507,-0.11230784615384626,-0.11500016666666668,-0.07608713768115938,-0.025000000000000022,-0.05128205128205121,-0.052631578947368474,-0.02702702702702703,-0.04115789235639988,-0.07259620192307681,-0.07424480286738355,-0.043169453551912595,-0.09401121640034682,-1.0
-0.07264971509971507,-0.11230784615384626,-0.11500016666666668,-0.07608713768115938,-0.025000000000000022,-0.05128205128205121,-0.052631578947368474,-0.02702702702702703,-0.04115789235639988,-0.07259620192307681,-0.07424480286738355,-0.043169453551912595,-0.09401121640034682,0.12942461554872065,-0.07264971509971507,-0.11230784615384626,-0.11500016666666668,-0.07608713768115938,-0.025000000000000022,-0.05128205128205121,-0.052631578947368474,-0.02702702702702703,-0.04115789235639988,-0.07259620192307681,-0.07424480286738355,-0.043169453551912595,-0.09401121640034682,-1.0
0.0,0.0,0.0,0.0,0.0,0.0,0.0,0.0,0.0,0.0,0.0,0.0,0.0,0.0,0.0,0.0,0.0,0.0,0.0,0.0,0.0,0.0,0.0,0.0,0.0,0.0,0.0,-1.0
0.0,0.0,0.0,0.0,0.0,0.0,0.0,0.0,0.0,0.0,0.0,0.0,0.0,0.0,0.0,0.0,0.0,0.0,0.0,0.0,0.0,0.0,0.0,0.0,0.0,0.0,0.0,-1.0
0.0,0.0,0.0,0.0,0.0,0.0,0.0,0.0,0.0,0.0,0.0,0.0,0.0,0.0,0.0,0.0,0.0,0.0,0.0,0.0,0.0,0.0,0.0,0.0,0.0,0.0,0.0,-1.0
0.0,0.0,0.0,0.0,0.0,0.0,0.0,0.0,0.0,0.0,0.0,0.0,0.0,0.0,0.0,0.0,0.0,0.0,0.0,0.0,0.0,0.0,0.0,0.0,0.0,0.0,0.0,1.0
0.0,0.0,0.0,0.0,0.0,0.0,0.0,0.0,0.0,0.0,0.0,0.0,0.0,0.0,0.0,0.0,0.0,0.0,0.0,0.0,0.0,0.0,0.0,0.0,0.0,0.0,0.0,-1.0
0.0,0.0,0.0,0.0,0.0,0.0,0.0,0.0,0.0,0.0,0.0,0.0,0.0,0.0,0.0,0.0,0.0,0.0,0.0,0.0,0.0,0.0,0.0,0.0,0.0,0.0,0.0,-1.0
0.0,0.0,0.0,0.0,0.0,0.0,0.0,0.0,0.0,0.0,0.0,0.0,0.0,0.0,0.0,0.0,0.0,0.0,0.0,0.0,0.0,0.0,0.0,0.0,0.0,0.0,0.0,0.0
-0.05128293545534901,-0.033835526315789455,-0.014015015015015009,0.008545940170940236,0.2857142857142858,0.2962962962962964,0.3076923076923076,0.32000000000000006,0.08693322859387309,0.10069874125874112,0.11620185684336626,0.13371841851494704,-0.022646884153803226,2.118748277665179,-0.05128293545534901,-0.033835526315789455,-0.014015015015015009,0.008545940170940236,0.2857142857142858,0.2962962962962964,0.3076923076923076,0.32000000000000006,0.08693322859387309,0.10069874125874112,0.11620185684336626,0.13371841851494704,-0.022646884153803226,0.0
-0.051281987179487176,-0.05398103913630237,-0.056898933143670005,-0.06005998498498499,-0.1071428571428572,-0.11111111111111116,-0.11538461538461564,-0.11999999999999988,-0.07199293239683913,-0.07505822843822885,-0.07837296626984136,-0.08196716023268091,-0.05555548611111116,-0.15456754912632054,-0.051281987179487176,-0.05398103913630237,-0.056898933143670005,-0.06005998498498499,-0.1071428571428572,-0.11111111111111116,-0.11538461538461564,-0.11999999999999988,-0.07199293239683913,-0.07505822843822885,-0.07837296626984136,-0.08196716023268091,-0.05555548611111116,0.0
-0.05128293545534901,-0.033835526315789455,-0.014015015015015009,0.008545940170940236,0.2857142857142858,0.2962962962962964,0.3076923076923076,0.32000000000000006,0.08693322859387309,0.10069874125874112,0.11620185684336626,0.13371841851494704,-0.022646884153803226,2.118748277665179,-0.05128293545534901,-0.033835526315789455,-0.014015015015015009,0.008545940170940236,0.2857142857142858,0.2962962962962964,0.3076923076923076,0.32000000000000006,0.08693322859387309,0.10069874125874112,0.11620185684336626,0.13371841851494704,-0.022646884153803226,0.0
-0.051281987179487176,-0.05398103913630237,-0.056898933143670005,-0.06005998498498499,-0.1071428571428572,-0.11111111111111116,-0.11538461538461564,-0.11999999999999988,-0.07199293239683913,-0.07505822843822885,-0.07837296626984136,-0.08196716023268091,-0.05555548611111116,-0.15456754912632054,-0.051281987179487176,-0.05398103913630237,-0.056898933143670005,-0.06005998498498499,-0.1071428571428572,-0.11111111111111116,-0.11538461538461564,-0.11999999999999988,-0.07199293239683913,-0.07505822843822885,-0.07837296626984136,-0.08196716023268091,-0.05555548611111116,0.0
9.482758618339915e-07,-0.020145512820512912,-0.042883918128654996,-0.06860592515592523,-0.392857142857143,-0.40740740740740755,-0.42307692307692324,-0.43999999999999995,-0.15892616099071222,-0.17575696969696997,-0.19457482311320762,-0.21568557874762795,-0.03290860195730794,-2.2733158267914995,9.482758618339915e-07,-0.020145512820512912,-0.042883918128654996,-0.06860592515592523,-0.392857142857143,-0.40740740740740755,-0.42307692307692324,-0.43999999999999995,-0.15892616099071222,-0.17575696969696997,-0.19457482311320762,-0.21568557874762795,-0.03290860195730794,0.0
-0.12375663956639571,-0.1307678846153847,-0.151793435897436,-0.1754370614035089,-0.42500000000000016,-0.41025641025641035,-0.42105263157894746,-0.4324324324324325,-0.3010866408697256,-0.29600724440116855,-0.31168773448773446,-0.3287425573770494,-0.1454387553706813,-2.888479905346279,-0.12375663956639571,-0.1307678846153847,-0.151793435897436,-0.1754370614035089,-0.42500000000000016,-0.41025641025641035,-0.42105263157894746,-0.4324324324324325,-0.3010866408697256,-0.29600724440116855,-0.31168773448773446,-0.3287425573770494,-0.1454387553706813,-1.0
-0.12375663956639571,-0.1307678846153847,-0.151793435897436,-0.1754370614035089,-0.42500000000000016,-0.41025641025641035,-0.42105263157894746,-0.4324324324324325,-0.3010866408697256,-0.29600724440116855,-0.31168773448773446,-0.3287425573770494,-0.1454387553706813,-2.888479905346279,-0.12375663956639571,-0.1307678846153847,-0.151793435897436,-0.1754370614035089,-0.42500000000000016,-0.41025641025641035,-0.42105263157894746,-0.4324324324324325,-0.3010866408697256,-0.29600724440116855,-0.31168773448773446,-0.3287425573770494,-0.1454387553706813,-1.0
0.0,0.0,0.0,0.0,0.0,0.0,0.0,0.0,0.0,0.0,0.0,0.0,0.0,0.0,0.0,0.0,0.0,0.0,0.0,0.0,0.0,0.0,0.0,0.0,0.0,0.0,0.0,1.0
0.0,0.0,0.0,0.0,0.0,0.0,0.0,0.0,0.0,0.0,0.0,0.0,0.0,0.0,0.0,0.0,0.0,0.0,0.0,0.0,0.0,0.0,0.0,0.0,0.0,0.0,0.0,-1.0
0.027027027027026973,0.05555555555555547,0.05714285714285705,0.05882352941176483,0.019607843137254943,0.039999999999999925,0.04081632653061229,0.04166666666666674,0.022727272727272596,0.046511627906976605,0.04761904761904756,0.04878048780487809,0.049637242284301,0.0003232647854005677,0.027027027027026973,0.05555555555555547,0.05714285714285705,0.05882352941176483,0.019607843137254943,0.039999999999999925,0.04081632653061229,0.04166666666666674,0.022727272727272596,0.046511627906976605,0.04761904761904756,0.04878048780487809,0.049637242284301,1.0
-0.020000000000000018,-0.020408163265306145,-0.02083333333333326,-0.021276595744680882,-0.026315789473684292,-0.027027027027026973,-0.02777777777777768,-0.028571428571428692,-0.022727272727272707,-0.023255813953488413,-0.023809523809523947,-0.024390243902439046,-0.020629523085830104,-0.00291472106450108,-0.020000000000000018,-0.020408163265306145,-0.02083333333333326,-0.021276595744680882,-0.026315789473684292,-0.027027027027026973,-0.02777777777777768,-0.028571428571428692,-0.022727272727272707,-0.023255813953488413,-0.023809523809523947,-0.024390243902439046,-0.020629523085830104,-1.0
0.0,0.0,0.0,0.0,0.0,0.0,0.0,0.0,0.0,0.0,0.0,0.0,0.0,0.0,0.0,0.0,0.0,0.0,0.0,0.0,0.0,0.0,0.0,0.0,0.0,0.0,0.0,0.0
0.02857065476190479,0.037546120150187656,0.04742997364953894,0.05833243055555559,0.2857142857142857,0.29166666666666674,0.297872340425532,0.30434782608695654,0.1801665930289641,0.18793291399229772,0.1962362096774195,0.2051278388278387,0.042969794779296855,2.6215235666065997,0.02857065476190479,0.037546120150187656,0.04742997364953894,0.05833243055555559,0.2857142857142857,0.29166666666666674,0.297872340425532,0.30434782608695654,0.1801665930289641,0.18793291399229772,0.1962362096774195,0.2051278388278387,0.042969794779296855,-1.0
0.02857065476190479,0.037546120150187656,0.04742997364953894,0.05833243055555559,0.2857142857142857,0.29166666666666674,0.297872340425532,0.30434782608695654,0.1801665930289641,0.18793291399229772,0.1962362096774195,0.2051278388278387,0.042969794779296855,2.6215235666065997,0.02857065476190479,0.037546120150187656,0.04742997364953894,0.05833243055555559,0.2857142857142857,0.29166666666666674,0.297872340425532,0.30434782608695654,0.1801665930289641,0.18793291399229772,0.1962362096774195,0.2051278388278387,0.042969794779296855,-1.0
0.0,0.0,0.0,0.0,0.0,0.0,0.0,0.0,0.0,0.0,0.0,0.0,0.0,0.0,0.0,0.0,0.0,0.0,0.0,0.0,0.0,0.0,0.0,0.0,0.0,0.0,0.0,1.0
-7.027027026929034e-07,0.007368877551020336,-0.00535791666666674,-0.01814849812265318,0.26530612244897966,0.27083333333333337,0.25531914893617025,0.23913043478260876,0.14963558844256508,0.15635706921944026,0.14249003851091135,0.12822545698924737,-0.0040345599852505964,2.6212006230806004,-7.027027026929034e-07,0.007368877551020336,-0.00535791666666674,-0.01814849812265318,0.26530612244897966,0.27083333333333337,0.25531914893617025,0.23913043478260876,0.14963558844256508,0.15635706921944026,0.14249003851091135,0.12822545698924737,-0.0040345599852505964,-1.0
-7.027027026929034e-07,0.007368877551020336,-0.00535791666666674,-0.01814849812265318,0.26530612244897966,0.27083333333333337,0.25531914893617025,0.23913043478260876,0.14963558844256508,0.15635706921944026,0.14249003851091135,0.12822545698924737,-0.0040345599852505964,2.6212006230806004,-7.027027026929034e-07,0.007368877551020336,-0.00535791666666674,-0.01814849812265318,0.26530612244897966,0.27083333333333337,0.25531914893617025,0.23913043478260876,0.14963558844256508,0.15635706921944026,0.14249003851091135,0.12822545698924737,-0.0040345599852505964,-1.0
0.0,0.0,0.0,0.0,0.0,0.0,0.0,0.0,0.0,0.0,0.0,0.0,0.0,0.0,0.0,0.0,0.0,0.0,0.0,0.0,0.0,0.0,0.0,0.0,0.0,0.0,0.0,-1.0
0.0,0.0,0.0,0.0,0.0,0.0,0.0,0.0,0.0,0.0,0.0,0.0,0.0,0.0,0.0,0.0,0.0,0.0,0.0,0.0,0.0,0.0,0.0,0.0,0.0,0.0,0.0,1.0
0.0,0.0,0.0,0.0,0.0,0.0,0.0,0.0,0.0,0.0,0.0,0.0,0.0,0.0,0.0,0.0,0.0,0.0,0.0,0.0,0.0,0.0,0.0,0.0,0.0,0.0,0.0,1.0
-4.789977892105668e-07,-4.980842911450623e-07,0.005182894736842081,0.010796802325581445,0.26530612244897955,0.27083333333333326,0.276595744680851,0.28260869565217384,0.12417128654970766,0.12659742341245694,0.1318678571428572,0.13747492839832565,0.003994679995085848,2.6212006230806004,-4.789977892105668e-07,-4.980842911450623e-07,0.005182894736842081,0.010796802325581445,0.26530612244897955,0.27083333333333326,0.276595744680851,0.28260869565217384,0.12417128654970766,0.12659742341245694,0.1318678571428572,0.13747492839832565,0.003994679995085848,-1.0
0.0,0.0,0.0,0.0,0.0,0.0,0.0,0.0,0.0,0.0,0.0,0.0,0.0,0.0,0.0,0.0,0.0,0.0,0.0,0.0,0.0,0.0,0.0,0.0,0.0,0.0,0.0,0.0
-4.789977892105668e-07,-4.980842911450623e-07,0.005182894736842081,0.010796802325581445,0.26530612244897955,0.27083333333333326,0.276595744680851,0.28260869565217384,0.12417128654970766,0.12659742341245694,0.1318678571428572,0.13747492839832565,0.003994679995085848,2.6212006230806004,-4.789977892105668e-07,-4.980842911450623e-07,0.005182894736842081,0.010796802325581445,0.26530612244897955,0.27083333333333326,0.276595744680851,0.28260869565217384,0.12417128654970766,0.12659742341245694,0.1318678571428572,0.13747492839832565,0.003994679995085848,-1.0
-4.789977892105668e-07,-4.980842911450623e-07,0.005182894736842081,0.010796802325581445,0.26530612244897955,0.27083333333333326,0.276595744680851,0.28260869565217384,0.12417128654970766,0.12659742341245694,0.1318678571428572,0.13747492839832565,0.003994679995085848,2.6212006230806004,-4.789977892105668e-07,-4.980842911450623e-07,0.005182894736842081,0.010796802325581445,0.26530612244897955,0.27083333333333326,0.276595744680851,0.28260869565217384,0.12417128654970766,0.12659742341245694,0.1318678571428572,0.13747492839832565,0.003994679995085848,-1.0
0.02857065476190479,0.05882271589486854,0.06916910408432164,0.08055465277777785,0.2857142857142857,0.3125,0.3191489361702129,0.32608695652173914,0.1801665930289641,0.20898554557124505,0.2177415860215054,0.22710586080586082,0.059279281879718315,2.623314005610901,0.02857065476190479,0.05882271589486854,0.06916910408432164,0.08055465277777785,0.2857142857142857,0.3125,0.3191489361702129,0.32608695652173914,0.1801665930289641,0.20898554557124505,0.2177415860215054,0.22710586080586082,0.059279281879718315,-1.0
0.0,0.0,0.0,0.0,0.0,0.0,0.0,0.0,0.0,0.0,0.0,0.0,0.0,0.0,0.0,0.0,0.0,0.0,0.0,0.0,0.0,0.0,0.0,0.0,0.0,0.0,0.0,-1.0
-0.00773732142857142,0.005007071339173996,0.017787417654808846,0.030556458333333203,-0.26530612244897955,-0.25,-0.23404255319148948,-0.21739130434782616,-0.15954803632793324,-0.14582765083440297,-0.13172008064516139,-0.1172157509157511,0.011403406474686073,-2.6233140056109,-0.00773732142857142,0.005007071339173996,0.017787417654808846,0.030556458333333203,-0.26530612244897955,-0.25,-0.23404255319148948,-0.21739130434782616,-0.15954803632793324,-0.14582765083440297,-0.13172008064516139,-0.1172157509157511,0.011403406474686073,1.0
-0.00773732142857142,0.005007071339173996,0.017787417654808846,0.030556458333333203,-0.26530612244897955,-0.25,-0.23404255319148948,-0.21739130434782616,-0.15954803632793324,-0.14582765083440297,-0.13172008064516139,-0.1172157509157511,0.011403406474686073,-2.6233140056109,-0.00773732142857142,0.005007071339173996,0.017787417654808846,0.030556458333333203,-0.26530612244897955,-0.25,-0.23404255319148948,-0.21739130434782616,-0.15954803632793324,-0.14582765083440297,-0.13172008064516139,-0.1172157509157511,0.011403406474686073,1.0
0.0,0.0,0.0,0.0,0.0,0.0,0.0,0.0,0.0,0.0,0.0,0.0,0.0,0.0,0.0,0.0,0.0,0.0,0.0,0.0,0.0,0.0,0.0,0.0,0.0,0.0,0.0,-1.0
-0.0416652027027028,-0.05917717391304356,-0.05064766233766249,-0.04341554621848742,-0.368421052631579,-0.3783783783783784,-0.36111111111111116,-0.34285714285714286,-0.24473062365591403,-0.2589035159817351,-0.24623540553666823,-0.23343618012422362,-0.04872639629297404,-2.621523887866,-0.0416652027027028,-0.05917717391304356,-0.05064766233766249,-0.04341554621848742,-0.368421052631579,-0.3783783783783784,-0.36111111111111116,-0.34285714285714286,-0.24473062365591403,-0.2589035159817351,-0.24623540553666823,-0.23343618012422362,-0.04872639629297404,-1.0
0.0,0.0,0.0,0.0,0.0,0.0,0.0,0.0,0.0,0.0,0.0,0.0,0.0,0.0,0.0,0.0,0.0,0.0,0.0,0.0,0.0,0.0,0.0,0.0,0.0,0.0,0.0,1.0
0.0,0.0,0.0,0.0,0.0,0.0,0.0,0.0,0.0,0.0,0.0,0.0,0.0,0.0,0.0,0.0,0.0,0.0,0.0,0.0,0.0,0.0,0.0,0.0,0.0,0.0,0.0,-1.0
0.0,0.0,0.0,0.0,0.0,0.0,0.0,0.0,0.0,0.0,0.0,0.0,0.0,-0.0017901177449000105,0.0,0.0,0.0,0.0,0.0,0.0,0.0,0.0,0.0,0.0,0.0,0.0,0.0,1.0
0.0,0.0,0.0,0.0,0.0,0.0,0.0,0.0,0.0,0.0,0.0,0.0,0.0,-0.0017901177449000105,0.0,0.0,0.0,0.0,0.0,0.0,0.0,0.0,0.0,0.0,0.0,0.0,0.0,1.0
0.0,0.0,0.0,0.0,0.0,0.0,0.0,0.0,0.0,0.0,0.0,0.0,0.0,-0.0017901177449000105,0.0,0.0,0.0,0.0,0.0,0.0,0.0,0.0,0.0,0.0,0.0,0.0,0.0,1.0
0.0,0.0,0.0,0.0,0.0,0.0,0.0,0.0,0.0,0.0,0.0,0.0,0.0,-0.0017901177449000105,0.0,0.0,0.0,0.0,0.0,0.0,0.0,0.0,0.0,0.0,0.0,0.0,0.0,1.0
0.0,0.0,0.0,0.0,0.0,0.0,0.0,0.0,0.0,0.0,0.0,0.0,0.0,0.0,0.0,0.0,0.0,0.0,0.0,0.0,0.0,0.0,0.0,0.0,0.0,0.0,0.0,0.0
0.025640384615384537,0.026315118679050564,-0.005946648648648578,-0.018708219954648553,0.3500000000000001,0.35897435897435903,0.3157894736842105,0.29729729729729737,0.16840910842047319,0.17229399711399696,0.134848090909091,0.11914581076776054,0.006825158672784659,2.621523566606599,0.025640384615384537,0.026315118679050564,-0.005946648648648578,-0.018708219954648553,0.3500000000000001,0.35897435897435903,0.3157894736842105,0.29729729729729737,0.16840910842047319,0.17229399711399696,0.134848090909091,0.11914581076776054,0.006825158672784659,1.0
-0.02857065476190479,-0.037546120150187656,-0.025690843214756343,-0.013887986111111195,-0.2857142857142857,-0.29166666666666674,-0.27659574468085113,-0.26086956521739135,-0.1801665930289641,-0.18793291399229772,-0.17473083333333328,-0.1611717948717949,-0.026423901059489996,-2.621523887866001,-0.02857065476190479,-0.037546120150187656,-0.025690843214756343,-0.013887986111111195,-0.2857142857142857,-0.29166666666666674,-0.27659574468085113,-0.26086956521739135,-0.1801665930289641,-0.18793291399229772,-0.17473083333333328,-0.1611717948717949,-0.026423901059489996,1.0
0.0,0.0,0.0,0.0,0.0,0.0,0.0,0.0,0.0,0.0,0.0,0.0,0.0,0.0,0.0,0.0,0.0,0.0,0.0,0.0,0.0,0.0,0.0,0.0,0.0,0.0,0.0,-1.0
0.0,0.0,0.0,0.0,0.0,0.0,0.0,0.0,0.0,0.0,0.0,0.0,0.0,0.0,0.0,0.0,0.0,0.0,0.0,0.0,0.0,0.0,0.0,0.0,0.0,0.0,0.0,-1.0
-4.5454545460899e-07,-4.7372954359303776e-07,0.004941105121293865,0.010318433395872462,0.24444444444444446,0.25,0.2558139534883721,0.26190476190476186,0.11123570786516834,0.11353481116584552,0.11862718137254924,0.12407046911048458,0.00381465256054192,2.196274411511199,-4.5454545460899e-07,-4.7372954359303776e-07,0.004941105121293865,0.010318433395872462,0.24444444444444446,0.25,0.2558139534883721,0.26190476190476186,0.11123570786516834,0.11353481116584552,0.11862718137254924,0.12407046911048458,0.00381465256054192,1.0
-4.5454545460899e-07,-4.7372954359303776e-07,0.004941105121293865,0.010318433395872462,0.24444444444444446,0.25,0.2558139534883721,0.26190476190476186,0.11123570786516834,0.11353481116584552,0.11862718137254924,0.12407046911048458,0.00381465256054192,2.196274411511199,-4.5454545460899e-07,-4.7372954359303776e-07,0.004941105121293865,0.010318433395872462,0.24444444444444446,0.25,0.2558139534883721,0.26190476190476186,0.11123570786516834,0.11353481116584552,0.11862718137254924,0.12407046911048458,0.00381465256054192,1.0
0.0,0.0,0.0,0.0,0.0,0.0,0.0,0.0,0.0,0.0,0.0,0.0,0.0,0.0,0.0,0.0,0.0,0.0,0.0,0.0,0.0,0.0,0.0,0.0,0.0,0.0,0.0,1.0
-4.5454545460899e-07,-4.7372954359303776e-07,0.004941105121293865,0.010318433395872462,0.24444444444444446,0.25,0.2558139534883721,0.26190476190476186,0.11123570786516834,0.11353481116584552,0.11862718137254924,0.12407046911048458,0.00381465256054192,2.196274411511199,-4.5454545460899e-07,-4.7372954359303776e-07,0.004941105121293865,0.010318433395872462,0.24444444444444446,0.25,0.2558139534883721,0.26190476190476186,0.11123570786516834,0.11353481116584552,0.11862718137254924,0.12407046911048458,0.00381465256054192,1.0
-4.5454545460899e-07,-4.7372954359303776e-07,0.004941105121293865,0.010318433395872462,0.24444444444444446,0.25,0.2558139534883721,0.26190476190476186,0.11123570786516834,0.11353481116584552,0.11862718137254924,0.12407046911048458,0.00381465256054192,2.196274411511199,-4.5454545460899e-07,-4.7372954359303776e-07,0.004941105121293865,0.010318433395872462,0.24444444444444446,0.25,0.2558139534883721,0.26190476190476186,0.11123570786516834,0.11353481116584552,0.11862718137254924,0.12407046911048458,0.00381465256054192,1.0
-4.5454545460899e-07,-4.7372954359303776e-07,0.004941105121293865,0.010318433395872462,0.24444444444444446,0.25,0.2558139534883721,0.26190476190476186,0.11123570786516834,0.11353481116584552,0.11862718137254924,0.12407046911048458,0.00381465256054192,2.196274411511199,-4.5454545460899e-07,-4.7372954359303776e-07,0.004941105121293865,0.010318433395872462,0.24444444444444446,0.25,0.2558139534883721,0.26190476190476186,0.11123570786516834,0.11353481116584552,0.11862718137254924,0.12407046911048458,0.00381465256054192,1.0
-4.5454545460899e-07,-4.7372954359303776e-07,0.004941105121293865,0.010318433395872462,0.24444444444444446,0.25,0.2558139534883721,0.26190476190476186,0.11123570786516834,0.11353481116584552,0.11862718137254924,0.12407046911048458,0.00381465256054192,2.196274411511199,-4.5454545460899e-07,-4.7372954359303776e-07,0.004941105121293865,0.010318433395872462,0.24444444444444446,0.25,0.2558139534883721,0.26190476190476186,0.11123570786516834,0.11353481116584552,0.11862718137254924,0.12407046911048458,0.00381465256054192,1.0
0.0,0.0,0.0,0.0,0.0,0.0,0.0,0.0,0.0,0.0,0.0,0.0,0.0,0.0,0.0,0.0,0.0,0.0,0.0,0.0,0.0,0.0,0.0,0.0,0.0,0.0,0.0,0.0
0.0,0.0,0.0,0.0,0.0,0.0,0.0,0.0,0.0,0.0,0.0,0.0,0.0,0.0,0.0,0.0,0.0,0.0,0.0,0.0,0.0,0.0,0.0,0.0,0.0,0.0,0.0,-1.0
0.0,0.0,0.0,0.0,0.0,0.0,0.0,0.0,0.0,0.0,0.0,0.0,0.0,0.0,0.0,0.0,0.0,0.0,0.0,0.0,0.0,0.0,0.0,0.0,0.0,0.0,0.0,0.0
0.0,0.0,0.0,0.0,0.0,0.0,0.0,0.0,0.0,0.0,0.0,0.0,0.0,0.0,0.0,0.0,0.0,0.0,0.0,0.0,0.0,0.0,0.0,0.0,0.0,0.0,0.0,1.0
0.0,0.0,0.0,0.0,0.0,0.0,0.0,0.0,0.0,0.0,0.0,0.0,0.0,0.0,0.0,0.0,0.0,0.0,0.0,0.0,0.0,0.0,0.0,0.0,0.0,0.0,0.0,-1.0
0.02380896103896102,0.011742863595302633,-0.0004723113207547591,-0.012821153846153899,0.32558139534883734,0.30952380952380953,0.29268292682926833,0.2749999999999999,0.1577427851140456,0.14357397088353396,0.1289726030995536,0.11392369290038507,0.005564589866838721,2.6244386089304994,0.02380896103896102,0.011742863595302633,-0.0004723113207547591,-0.012821153846153899,0.32558139534883734,0.30952380952380953,0.29268292682926833,0.2749999999999999,0.1577427851140456,0.14357397088353396,0.1289726030995536,0.11392369290038507,0.005564589866838721,1.0
0.0,0.0,0.0,0.0,0.0,0.0,0.0,0.0,0.0,0.0,0.0,0.0,0.0,0.0,0.0,0.0,0.0,0.0,0.0,0.0,0.0,0.0,0.0,0.0,0.0,0.0,0.0,-1.0
0.0,0.0,0.0,0.0,0.0,0.0,0.0,0.0,0.0,0.0,0.0,0.0,0.0,0.0,0.0,0.0,0.0,0.0,0.0,0.0,0.0,0.0,0.0,0.0,0.0,0.0,0.0,-1.0
0.0,-0.02631578947368418,-0.027027027027026973,-0.02777777777777779,0.0,-0.019230769230769273,-0.019607843137254943,-0.020000000000000018,0.0,-0.022222222222222365,-0.022727272727272818,-0.023255813953488413,-0.020280148569622125,-0.000703289855900735,0.0,-0.02631578947368418,-0.027027027027026973,-0.02777777777777779,0.0,-0.019230769230769273,-0.019607843137254943,-0.020000000000000018,0.0,-0.022222222222222365,-0.022727272727272818,-0.023255813953488413,-0.020280148569622125,-1.0
0.0,-0.02631578947368418,-0.027027027027026973,-0.02777777777777779,0.0,-0.019230769230769273,-0.019607843137254943,-0.020000000000000018,0.0,-0.022222222222222365,-0.022727272727272818,-0.023255813953488413,-0.020280148569622125,-0.000703289855900735,0.0,-0.02631578947368418,-0.027027027027026973,-0.02777777777777779,0.0,-0.019230769230769273,-0.019607843137254943,-0.020000000000000018,0.0,-0.022222222222222365,-0.022727272727272818,-0.023255813953488413,-0.020280148569622125,-1.0
0.0,0.0,0.0,0.0,0.0,0.0,0.0,0.0,0.0,0.0,0.0,0.0,0.0,0.0,0.0,0.0,0.0,0.0,0.0,0.0,0.0,0.0,0.0,0.0,0.0,0.0,0.0,-1.0
0.0,0.0,0.0,0.0,0.0,0.0,0.0,0.0,0.0,0.0,0.0,0.0,0.0,3.392527991863403e-07,0.0,0.0,0.0,0.0,0.0,0.0,0.0,0.0,0.0,0.0,0.0,0.0,0.0,1.0
0.0,0.0,0.0,0.0,0.0,0.0,0.0,0.0,0.0,0.0,0.0,0.0,0.0,0.0,0.0,0.0,0.0,0.0,0.0,0.0,0.0,0.0,0.0,0.0,0.0,0.0,0.0,-1.0
0.020496211180124124,0.028757450980392285,0.037878030303030386,0.047964316860465206,0.24444444444444446,0.25,0.2558139534883721,0.261904761904762,0.14505464285714287,0.15211722846441955,0.15970928614640056,0.16788518282988873,0.03377400233100303,2.1857532721179007,0.020496211180124124,0.028757450980392285,0.037878030303030386,0.047964316860465206,0.24444444444444446,0.25,0.2558139534883721,0.261904761904762,0.14505464285714287,0.15211722846441955,0.15970928614640056,0.16788518282988873,0.03377400233100303,1.0
0.020496211180124124,0.028757450980392285,0.037878030303030386,0.047964316860465206,0.24444444444444446,0.25,0.2558139534883721,0.261904761904762,0.14505464285714287,0.15211722846441955,0.15970928614640056,0.16788518282988873,0.03377400233100303,2.1857532721179007,0.020496211180124124,0.028757450980392285,0.037878030303030386,0.047964316860465206,0.24444444444444446,0.25,0.2558139534883721,0.261904761904762,0.14505464285714287,0.15211722846441955,0.15970928614640056,0.16788518282988873,0.03377400233100303,1.0
0.0,0.0,0.0,0.0,0.0,0.0,0.0,0.0,0.0,0.0,0.0,0.0,0.0,0.0,0.0,0.0,0.0,0.0,0.0,0.0,0.0,0.0,0.0,0.0,0.0,0.0,0.0,1.0
-0.007574999999999998,-0.015987572674418637,-0.025344777265745133,-0.03577146341463433,-0.24444444444444446,-0.25,-0.2558139534883721,-0.261904761904762,-0.14577899740708733,-0.1530547186932849,-0.1608899523052465,-0.1693436746987954,-0.021169703338699497,-2.1857532721179,-0.007574999999999998,-0.015987572674418637,-0.025344777265745133,-0.03577146341463433,-0.24444444444444446,-0.25,-0.2558139534883721,-0.261904761904762,-0.14577899740708733,-0.1530547186932849,-0.1608899523052465,-0.1693436746987954,-0.021169703338699497,-1.0
-0.007574999999999998,-0.015987572674418637,-0.025344777265745133,-0.03577146341463433,-0.24444444444444446,-0.25,-0.2558139534883721,-0.261904761904762,-0.14577899740708733,-0.1530547186932849,-0.1608899523052465,-0.1693436746987954,-0.021169703338699497,-2.1857532721179,-0.007574999999999998,-0.015987572674418637,-0.025344777265745133,-0.03577146341463433,-0.24444444444444446,-0.25,-0.2558139534883721,-0.261904761904762,-0.14577899740708733,-0.1530547186932849,-0.1608899523052465,-0.1693436746987954,-0.021169703338699497,-1.0
-0.007574999999999998,-0.015987572674418637,-0.025344777265745133,-0.03577146341463433,-0.24444444444444446,-0.25,-0.2558139534883721,-0.261904761904762,-0.14577899740708733,-0.1530547186932849,-0.1608899523052465,-0.1693436746987954,-0.021169703338699497,-2.1857532721179,-0.007574999999999998,-0.015987572674418637,-0.025344777265745133,-0.03577146341463433,-0.24444444444444446,-0.25,-0.2558139534883721,-0.261904761904762,-0.14577899740708733,-0.1530547186932849,-0.1608899523052465,-0.1693436746987954,-0.021169703338699497,-1.0
-0.007574999999999998,-0.015987572674418637,-0.025344777265745133,-0.03577146341463433,-0.24444444444444446,-0.25,-0.2558139534883721,-0.261904761904762,-0.14577899740708733,-0.1530547186932849,-0.1608899523052465,-0.1693436746987954,-0.021169703338699497,-2.1857532721179,-0.007574999999999998,-0.015987572674418637,-0.025344777265745133,-0.03577146341463433,-0.24444444444444446,-0.25,-0.2558139534883721,-0.261904761904762,-0.14577899740708733,-0.1530547186932849,-0.1608899523052465,-0.1693436746987954,-0.021169703338699497,-1.0
0.0,0.0,0.0,0.0,0.0,0.0,0.0,0.0,0.0,0.0,0.0,0.0,0.0,0.0,0.0,0.0,0.0,0.0,0.0,0.0,0.0,0.0,0.0,0.0,0.0,0.0,0.0,-1.0
0.0,0.0,0.0,0.0,0.0,0.0,0.0,0.0,0.0,0.0,0.0,0.0,0.0,0.0,0.0,0.0,0.0,0.0,0.0,0.0,0.0,0.0,0.0,0.0,0.0,0.0,0.0,0.0
0.0,0.0,0.0,0.0,0.0,0.0,0.0,0.0,0.0,0.0,0.0,0.0,0.0,0.0,0.0,0.0,0.0,0.0,0.0,0.0,0.0,0.0,0.0,0.0,0.0,0.0,0.0,-1.0
0.0,0.0,0.0,0.0,0.0,0.0,0.0,0.0,0.0,0.0,0.0,0.0,0.0,0.0,0.0,0.0,0.0,0.0,0.0,0.0,0.0,0.0,0.0,0.0,0.0,0.0,0.0,-1.0
0.0,0.0,0.0,0.0,0.0,0.0,0.0,0.0,0.0,0.0,0.0,0.0,0.0,0.0,0.0,0.0,0.0,0.0,0.0,0.0,0.0,0.0,0.0,0.0,0.0,0.0,0.0,-1.0
0.0,0.0,0.0,0.0,0.0,0.0,0.0,0.0,0.0,0.0,0.0,0.0,0.0,0.0,0.0,0.0,0.0,0.0,0.0,0.0,0.0,0.0,0.0,0.0,0.0,0.0,0.0,-1.0
-4.5454545460899e-07,-4.7372954359303776e-07,0.004941105121293865,0.010318433395872462,0.24444444444444446,0.25,0.2558139534883721,0.26190476190476186,0.11123570786516834,0.11353481116584552,0.11862718137254924,0.12407046911048458,0.00381465256054192,2.185753272117898,-4.5454545460899e-07,-4.7372954359303776e-07,0.004941105121293865,0.010318433395872462,0.24444444444444446,0.25,0.2558139534883721,0.26190476190476186,0.11123570786516834,0.11353481116584552,0.11862718137254924,0.12407046911048458,0.00381465256054192,1.0
-4.5454545460899e-07,-4.7372954359303776e-07,0.004941105121293865,0.010318433395872462,0.24444444444444446,0.25,0.2558139534883721,0.26190476190476186,0.11123570786516834,0.11353481116584552,0.11862718137254924,0.12407046911048458,0.00381465256054192,2.185753272117898,-4.5454545460899e-07,-4.7372954359303776e-07,0.004941105121293865,0.010318433395872462,0.24444444444444446,0.25,0.2558139534883721,0.26190476190476186,0.11123570786516834,0.11353481116584552,0.11862718137254924,0.12407046911048458,0.00381465256054192,1.0
0.0,0.0,0.0,0.0,0.0,0.0,0.0,0.0,0.0,0.0,0.0,0.0,0.0,0.0,0.0,0.0,0.0,0.0,0.0,0.0,0.0,0.0,0.0,0.0,0.0,0.0,0.0,1.0
-4.5454545460899e-07,-4.7372954359303776e-07,0.004941105121293865,0.010318433395872462,0.24444444444444446,0.25,0.2558139534883721,0.26190476190476186,0.11123570786516834,0.11353481116584552,0.11862718137254924,0.12407046911048458,0.00381465256054192,2.185753272117898,-4.5454545460899e-07,-4.7372954359303776e-07,0.004941105121293865,0.010318433395872462,0.24444444444444446,0.25,0.2558139534883721,0.26190476190476186,0.11123570786516834,0.11353481116584552,0.11862718137254924,0.12407046911048458,0.00381465256054192,1.0
-4.5454545460899e-07,-4.7372954359303776e-07,0.004941105121293865,0.010318433395872462,0.24444444444444446,0.25,0.2558139534883721,0.26190476190476186,0.11123570786516834,0.11353481116584552,0.11862718137254924,0.12407046911048458,0.00381465256054192,2.185753272117898,-4.5454545460899e-07,-4.7372954359303776e-07,0.004941105121293865,0.010318433395872462,0.24444444444444446,0.25,0.2558139534883721,0.26190476190476186,0.11123570786516834,0.11353481116584552,0.11862718137254924,0.12407046911048458,0.00381465256054192,1.0
-4.5454545460899e-07,-4.7372954359303776e-07,0.004941105121293865,0.010318433395872462,0.24444444444444446,0.25,0.2558139534883721,0.26190476190476186,0.11123570786516834,0.11353481116584552,0.11862718137254924,0.12407046911048458,0.00381465256054192,2.185753272117898,-4.5454545460899e-07,-4.7372954359303776e-07,0.004941105121293865,0.010318433395872462,0.24444444444444446,0.25,0.2558139534883721,0.26190476190476186,0.11123570786516834,0.11353481116584552,0.11862718137254924,0.12407046911048458,0.00381465256054192,1.0
-4.5454545460899e-07,-4.7372954359303776e-07,0.004941105121293865,0.010318433395872462,0.24444444444444446,0.25,0.2558139534883721,0.26190476190476186,0.11123570786516834,0.11353481116584552,0.11862718137254924,0.12407046911048458,0.00381465256054192,2.185753272117898,-4.5454545460899e-07,-4.7372954359303776e-07,0.004941105121293865,0.010318433395872462,0.24444444444444446,0.25,0.2558139534883721,0.26190476190476186,0.11123570786516834,0.11353481116584552,0.11862718137254924,0.12407046911048458,0.00381465256054192,1.0
0.0,0.0,0.0,0.0,0.0,0.0,0.0,0.0,0.0,0.0,0.0,0.0,0.0,0.0,0.0,0.0,0.0,0.0,0.0,0.0,0.0,0.0,0.0,0.0,0.0,0.0,0.0,0.0
1.3684210524722573e-06,-0.014638175675675824,-0.06280036231884067,-0.08441389610389616,-0.3421052631578948,-0.3513513513513514,-0.36111111111111116,-0.37142857142857144,-0.20634866332497914,-0.21887403633141345,-0.2448204802259888,-0.260650977443609,-0.04046276641933999,-2.6376085699520004,1.3684210524722573e-06,-0.014638175675675824,-0.06280036231884067,-0.08441389610389616,-0.3421052631578948,-0.3513513513513514,-0.36111111111111116,-0.37142857142857144,-0.20634866332497914,-0.21887403633141345,-0.2448204802259888,-0.260650977443609,-0.04046276641933999,-1.0
-0.02560462304409672,-0.026276351351351424,-0.026190555555555606,-0.026050504201680647,0.0,0.0,0.0,0.0,-0.009193079673135984,-0.009355813953488279,-0.009243725490196142,-0.00910963855421687,-0.026030508538171238,0.06334616036710017,-0.02560462304409672,-0.026276351351351424,-0.026190555555555606,-0.026050504201680647,0.0,0.0,0.0,0.0,-0.009193079673135984,-0.009355813953488279,-0.009243725490196142,-0.00910963855421687,-0.026030508538171238,1.0
0.0,0.0,0.0,0.0,0.0,0.0,0.0,0.0,0.0,0.0,0.0,0.0,0.0,0.0,0.0,0.0,0.0,0.0,0.0,0.0,0.0,0.0,0.0,0.0,0.0,0.0,0.0,0.0
0.0,0.0,0.0,0.0,0.0,0.0,0.0,0.0,0.0,0.0,0.0,0.0,0.0,0.0,0.0,0.0,0.0,0.0,0.0,0.0,0.0,0.0,0.0,0.0,0.0,0.0,0.0,-1.0
0.0,0.0,0.0,0.0,0.0,0.0,0.0,0.0,0.0,0.0,0.0,0.0,0.0,-3.2125939863902886e-07,0.0,0.0,0.0,0.0,0.0,0.0,0.0,0.0,0.0,0.0,0.0,0.0,0.0,1.0
0.0,0.0,0.0,0.0,0.0,0.0,0.0,0.0,0.0,0.0,0.0,0.0,0.0,-3.2125939863902886e-07,0.0,0.0,0.0,0.0,0.0,0.0,0.0,0.0,0.0,0.0,0.0,0.0,0.0,1.0
0.0,0.0,0.0,0.0,0.0,0.0,0.0,0.0,0.0,0.0,0.0,0.0,0.0,-3.2125939863902886e-07,0.0,0.0,0.0,0.0,0.0,0.0,0.0,0.0,0.0,0.0,0.0,0.0,0.0,1.0
0.0,0.0,0.0,0.0,0.0,0.0,0.0,0.0,0.0,0.0,0.0,0.0,0.0,-3.2125939863902886e-07,0.0,0.0,0.0,0.0,0.0,0.0,0.0,0.0,0.0,0.0,0.0,0.0,0.0,1.0
0.0,0.0,0.0,0.0,0.0,0.0,0.0,0.0,0.0,0.0,0.0,0.0,0.0,-3.2125939863902886e-07,0.0,0.0,0.0,0.0,0.0,0.0,0.0,0.0,0.0,0.0,0.0,0.0,0.0,1.0
0.0,0.0,0.0,0.0,0.0,0.0,0.0,0.0,0.0,0.0,0.0,0.0,0.0,-3.2125939863902886e-07,0.0,0.0,0.0,0.0,0.0,0.0,0.0,0.0,0.0,0.0,0.0,0.0,0.0,1.0
0.0,0.0,0.0,0.0,0.0,0.0,0.0,0.0,0.0,0.0,0.0,0.0,0.0,0.0,0.0,0.0,0.0,0.0,0.0,0.0,0.0,0.0,0.0,0.0,0.0,0.0,0.0,0.0
0.0,0.0,0.0,0.0,0.0,0.0,0.0,0.0,0.0,0.0,0.0,0.0,0.0,0.0,0.0,0.0,0.0,0.0,0.0,0.0,0.0,0.0,0.0,0.0,0.0,0.0,0.0,0.0
0.0,0.0,0.0,0.0,0.0,0.0,0.0,0.0,0.0,0.0,0.0,0.0,0.0,0.0,0.0,0.0,0.0,0.0,0.0,0.0,0.0,0.0,0.0,0.0,0.0,0.0,0.0,0.0
0.0,0.0,0.0,0.0,0.0,0.0,0.0,0.0,0.0,0.0,0.0,0.0,0.0,0.0,0.0,0.0,0.0,0.0,0.0,0.0,0.0,0.0,0.0,0.0,0.0,0.0,0.0,-1.0
0.0,0.0,0.0,0.0,0.0,0.0,0.0,0.0,0.0,0.0,0.0,0.0,0.0,0.0,0.0,0.0,0.0,0.0,0.0,0.0,0.0,0.0,0.0,0.0,0.0,0.0,0.0,-1.0
0.0,0.0,0.0,0.0,0.0,0.0,0.0,0.0,0.0,0.0,0.0,0.0,0.0,0.0,0.0,0.0,0.0,0.0,0.0,0.0,0.0,0.0,0.0,0.0,0.0,0.0,0.0,0.0
0.0,0.0,0.0,0.0,0.0,0.0,0.0,0.0,0.0,0.0,0.0,0.0,0.0,0.0,0.0,0.0,0.0,0.0,0.0,0.0,0.0,0.0,0.0,0.0,0.0,0.0,0.0,-1.0
0.0,0.0,0.0,0.0,0.0,0.0,0.0,0.0,0.0,0.0,0.0,0.0,0.0,0.0,0.0,0.0,0.0,0.0,0.0,0.0,0.0,0.0,0.0,0.0,0.0,0.0,0.0,-1.0
0.0,0.0,0.0,0.0,0.0,0.0,0.0,0.0,0.0,0.0,0.0,0.0,0.0,0.0,0.0,0.0,0.0,0.0,0.0,0.0,0.0,0.0,0.0,0.0,0.0,0.0,0.0,1.0
-6.832298136139059e-07,-7.189542483576616e-07,0.015150757575757567,0.03197594476744192,0.3055555555555556,0.3142857142857144,0.32352941176470595,0.33333333333333337,0.13603534867743028,0.13949235507246394,0.1515495216226559,0.16477688259109324,0.01178132503978424,2.1879860772724005,-6.832298136139059e-07,-7.189542483576616e-07,0.015150757575757567,0.03197594476744192,0.3055555555555556,0.3142857142857144,0.32352941176470595,0.33333333333333337,0.13603534867743028,0.13949235507246394,0.1515495216226559,0.16477688259109324,0.01178132503978424,-1.0
-6.832298136139059e-07,-7.189542483576616e-07,0.015150757575757567,0.03197594476744192,0.3055555555555556,0.3142857142857144,0.32352941176470595,0.33333333333333337,0.13603534867743028,0.13949235507246394,0.1515495216226559,0.16477688259109324,0.01178132503978424,2.1879860772724005,-6.832298136139059e-07,-7.189542483576616e-07,0.015150757575757567,0.03197594476744192,0.3055555555555556,0.3142857142857144,0.32352941176470595,0.33333333333333337,0.13603534867743028,0.13949235507246394,0.1515495216226559,0.16477688259109324,0.01178132503978424,-1.0
0.0,0.0,0.0,0.0,0.0,0.0,0.0,0.0,0.0,0.0,0.0,0.0,0.0,0.0,0.0,0.0,0.0,0.0,0.0,0.0,0.0,0.0,0.0,0.0,0.0,0.0,0.0,1.0
0.0,0.0,0.0,0.0,0.0,0.0,0.0,0.0,0.0,0.0,0.0,0.0,0.0,0.0,0.0,0.0,0.0,0.0,0.0,0.0,0.0,0.0,0.0,0.0,0.0,0.0,0.0,-1.0
0.026831114551083557,0.008107405405405443,-0.003968990929705152,-0.016072202380952305,0.36111111111111105,0.34285714285714286,0.32352941176470595,0.3030303030303031,0.1615404473438954,0.14215643790849675,0.12633345955249597,0.11002131445170682,0.0037243316614579136,2.6215235666065997,0.026831114551083557,0.008107405405405443,-0.003968990929705152,-0.016072202380952305,0.36111111111111105,0.34285714285714286,0.32352941176470595,0.3030303030303031,0.1615404473438954,0.14215643790849675,0.12633345955249597,0.11002131445170682,0.0037243316614579136,-1.0
0.026831114551083557,0.008107405405405443,-0.003968990929705152,-0.016072202380952305,0.36111111111111105,0.34285714285714286,0.32352941176470595,0.3030303030303031,0.1615404473438954,0.14215643790849675,0.12633345955249597,0.11002131445170682,0.0037243316614579136,2.6215235666065997,0.026831114551083557,0.008107405405405443,-0.003968990929705152,-0.016072202380952305,0.36111111111111105,0.34285714285714286,0.32352941176470595,0.3030303030303031,0.1615404473438954,0.14215643790849675,0.12633345955249597,0.11002131445170682,0.0037243316614579136,0.0
0.0,0.0,0.0,0.0,0.0,0.0,0.0,0.0,0.0,0.0,0.0,0.0,0.0,0.0,0.0,0.0,0.0,0.0,0.0,0.0,0.0,0.0,0.0,0.0,0.0,0.0,0.0,-1.0
0.0,0.0,0.0,0.0,0.0,0.0,0.0,0.0,0.0,0.0,0.0,0.0,0.0,0.0,0.0,0.0,0.0,0.0,0.0,0.0,0.0,0.0,0.0,0.0,0.0,0.0,0.0,0.0
